userID,arg1,arg2,entrenched,lmh,lh,norm,org_score
567,111,110,False,1,1,0.153176963945,0.642663227
270,111,110,False,0,-1,-0.0561077210629,-0.257791464
96,111,110,False,0,1,0.00802790811994,0.018154328
84,111,110,False,-1,-1,-0.224885692633,-0.983964601
490,111,110,False,0,-1,-0.0392299238361,-0.18517415
93,111,110,True,0,-1,-0.066234399306,-0.301361852
625,111,110,False,0,-1,-0.103365553019,-0.461119942
374,111,110,False,0,-1,-0.103365553019,-0.461119942
691,111,110,False,0,-1,-0.0628588398142,-0.286838389
346,111,110,True,1,1,0.267945984576,1.13646096
105,111,110,False,-1,-1,-0.147247825716,-0.649924958
305,111,110,False,0,-1,-0.0527321615711,-0.243268001
161,111,110,False,1,1,0.173430320431,0.729804003
603,111,110,True,0,-1,-0.0527321615711,-0.243268001
306,111,110,False,-1,-1,-0.191130098412,-0.838729974
147,111,110,True,0,-1,-0.0189765673499,-0.098033374
407,111,110,True,1,1,0.87892224214,3.765207718
348,111,110,True,0,-1,-0.0324788050849,-0.156127225
579,111,110,False,-1,-1,-0.140496706732,-0.620878032
74,111,110,False,-1,-1,-0.113492231495,-0.504690331
567,121,120,True,0,1,0.0451704799851,0.177961545
270,121,120,False,1,1,0.123130310115,0.513386446
96,121,120,False,1,1,0.123130310115,0.513386446
84,121,120,False,-1,-1,-0.517872737642,-2.244551629
490,121,120,True,1,1,0.140454716603,0.587925312
93,121,120,False,0,1,0.00619056480424,0.010249094
625,121,120,False,1,1,0.183765733523,0.77427248
374,121,120,False,0,-1,-0.0197960451614,-0.101559206
691,121,120,False,1,1,0.127461411621,0.532021162
346,121,120,True,0,1,0.0451704799851,0.177961545
105,121,120,True,1,1,0.140454716603,0.587925312
305,121,120,False,0,1,0.0451704799851,0.177961545
161,121,120,False,1,1,0.344016495287,1.463756998
603,121,120,True,-1,-1,-0.219026722107,-0.958756175
306,121,120,True,-1,-1,-0.673792397668,-2.91540143
147,121,120,False,0,1,0.0668259882124,0.271135128
407,121,120,False,-1,-1,-0.171384603682,-0.753774291
348,121,120,True,1,1,0.123130310115,0.513386446
579,121,120,False,0,1,0.0408393782467,0.159326828
74,121,120,True,1,1,0.123130310115,0.513386446
567,151,150,False,0,1,0.0616677685155,0.248941707
270,151,150,False,0,-1,-0.0276008806066,-0.135139784
96,151,150,False,0,-1,-0.0441321119169,-0.206265986
84,151,150,True,-1,-1,-0.358225506813,-1.557663824
490,151,150,True,0,-1,-0.0044571567257,-0.035563101
93,151,150,True,0,-1,-0.0044571567257,-0.035563101
625,151,150,False,0,1,0.0385240446346,0.149365024
374,151,150,False,0,1,0.0120740745846,0.035563101
691,151,150,False,0,1,0.0418302910361,0.163590265
346,151,150,True,0,-1,-0.0937258058478,-0.419644592
105,151,150,False,0,-1,-0.0507446044875,-0.234716467
305,151,150,False,-1,-1,-0.173075715998,-0.761050361
161,151,150,False,-1,-1,-0.163156977258,-0.71837464
603,151,150,False,-1,-1,-0.126788268468,-0.561896996
306,151,150,False,0,-1,-0.0573570968257,-0.263166947
147,151,150,False,0,1,0.00876782841552,0.021337861
407,151,150,True,1,1,0.197223865167,0.832176563
348,151,150,False,1,1,0.901454319172,3.862152769
579,151,150,False,0,-1,-0.0507446044875,-0.234716467
74,151,150,False,0,-1,-0.0309071267757,-0.149365024
148,1021,1020,True,0,1,0.0786045472491,0.321812791
508,1021,1020,True,0,1,0.0132365374004,0.040564638
258,1021,1020,False,1,1,0.277222731798,1.17637449
424,1021,1020,True,0,1,0.0333497711464,0.127102531
692,1021,1020,False,0,-1,-0.044589009997,-0.208231806
499,1021,1020,True,0,1,0.0333497711464,0.127102531
85,1021,1020,False,0,1,0.0383780795248,0.148737004
59,1021,1020,False,0,1,0.045920542441,0.181188715
321,1021,1020,True,0,1,0.0333497711464,0.127102531
68,1021,1020,False,0,1,0.0559771591978,0.224457661
304,1021,1020,True,-1,-1,-0.972311921963,-4.199792144
393,1021,1020,False,0,1,0.066033776187,0.267726608
261,1021,1020,True,0,1,0.0333497711464,0.127102531
269,1021,1020,True,0,1,0.0584913135032,0.235274898
591,1021,1020,True,0,1,0.0434063881356,0.170371478
428,1021,1020,True,0,1,0.0358639254518,0.137919768
203,1021,1020,False,0,1,0.0559771591978,0.224457661
343,1021,1020,False,0,-1,0.00317992041121,-0.002704309
555,1021,1020,True,0,1,0.0333497711464,0.127102531
392,1021,1020,False,1,1,0.15402917432,0.646329892
148,1031,1030,True,0,-1,-0.0617614223722,-0.282116712
508,1031,1030,True,0,-1,-0.0337600495015,-0.161639824
258,1031,1030,False,0,-1,-0.0687617655898,-0.312235934
424,1031,1030,False,0,-1,-0.0104255722643,-0.061242418
692,1031,1030,False,-1,-1,-0.120097615698,-0.533110228
499,1031,1030,True,0,-1,-0.0710952134065,-0.322275675
85,1031,1030,True,0,-1,-0.0220928108829,-0.111441121
59,1031,1030,False,-1,-1,-0.117764168113,-0.523070488
321,1031,1030,True,-1,-1,-0.122431063514,-0.543149969
68,1031,1030,False,-1,-1,-0.260104479818,-1.135494667
304,1031,1030,True,1,1,0.862283880732,3.693620585
393,1031,1030,False,0,-1,-0.0850958998418,-0.382514119
261,1031,1030,True,0,-1,-0.0710952134065,-0.322275675
269,1031,1030,False,1,1,0.225252649087,0.952771388
591,1031,1030,True,0,-1,-0.0827624520251,-0.372474378
428,1031,1030,True,0,-1,-0.0477607359368,-0.221878268
203,1031,1030,False,0,-1,-0.0314266019173,-0.151600084
343,1031,1030,True,0,-1,-0.0874293474261,-0.392553859
555,1031,1030,True,0,-1,-0.0710952134065,-0.322275675
392,1031,1030,True,1,1,0.353592274357,1.504957123
148,1051,1050,True,0,-1,-0.0730576743551,-0.330719232
508,1051,1050,True,0,-1,-0.0524914848561,-0.242232481
258,1051,1050,False,1,1,0.862703947735,3.695427938
424,1051,1050,True,0,-1,-0.0267837479242,-0.131624042
692,1051,1050,True,-1,-1,-0.170747074417,-0.751031299
499,1051,1050,True,0,-1,-0.0370668427899,-0.175867418
85,1051,1050,False,1,1,0.23543516813,0.996582033
59,1051,1050,False,-1,-1,-0.160463979552,-0.706787923
321,1051,1050,True,0,-1,-0.0370668427899,-0.175867418
68,1051,1050,False,-1,-1,-0.345559685043,-1.503168682
304,1051,1050,True,0,-1,-0.0370668427899,-0.175867418
393,1051,1050,False,-1,-1,-0.124473147987,-0.551936109
261,1051,1050,True,0,-1,-0.0370668427899,-0.175867418
269,1051,1050,False,1,1,0.250859810197,1.062947096
591,1051,1050,True,0,-1,-0.0422083899904,-0.197989105
428,1051,1050,True,0,-1,-0.0319252953571,-0.15374573
203,1051,1050,False,0,1,0.0554810100719,0.222322962
343,1051,1050,True,0,-1,-0.0524914848561,-0.242232481
555,1051,1050,True,0,-1,-0.0370668427899,-0.175867418
392,1051,1050,False,0,-1,-0.0627745794894,-0.286475856
148,1131,1130,True,0,-1,-0.107046100614,-0.476955627
508,1131,1130,True,-1,-1,-0.118103912005,-0.524532248
258,1131,1130,False,0,1,0.0145898251582,0.046387206
424,1131,1130,False,0,1,0.0532921651449,0.21290538
499,1131,1130,True,0,-1,-0.0849304778306,-0.381802385
85,1131,1130,False,1,1,0.152812467901,0.64109497
59,1131,1130,False,0,1,0.0367054479414,0.141540448
321,1131,1130,True,0,1,0.114110127915,0.474576796
68,1131,1130,False,-1,-1,-0.123632817585,-0.548320558
253,1131,1130,True,0,-1,-0.0019968920453,-0.024977726
261,1131,1130,True,-1,-1,-0.118103912005,-0.524532248
139,1131,1130,False,0,-1,-0.101517194802,-0.453167316
591,1131,1130,True,-1,-1,-0.118103912005,-0.524532248
428,1131,1130,True,0,-1,-0.0849304778306,-0.381802385
284,1131,1130,True,1,1,0.8660413044,3.709787032
203,1131,1130,False,-1,-1,-0.189979686167,-0.833780285
694,1131,1130,True,0,-1,-0.040699232032,-0.1914959
555,1131,1130,True,-1,-1,-0.118103912005,-0.524532248
269,1131,1130,False,-1,-1,-0.245268743357,-1.071663391
180,1131,1130,True,1,1,0.291035110644,1.235802734
148,1151,1150,True,0,-1,-0.0690116101558,-0.313310899
508,1151,1150,True,0,-1,-0.0322956089012,-0.155339017
258,1151,1150,False,1,1,0.35934173735,1.529694389
424,1151,1150,True,1,1,0.139045730055,0.581863098
499,1151,1150,True,0,-1,-0.0200569418163,-0.102681723
85,1151,1150,False,1,1,0.469489741113,2.003610035
59,1151,1150,False,0,-1,-0.00781827473144,-0.050024429
321,1151,1150,True,0,-1,-0.0200569418163,-0.102681723
68,1151,1150,False,-1,-1,-0.534080958916,-2.314288069
253,1151,1150,True,1,1,0.212477732564,0.897806862
261,1151,1150,True,0,-1,-0.0200569418163,-0.102681723
139,1151,1150,False,0,1,0.0656137275453,0.265919334
591,1151,1150,True,0,-1,-0.0200569418163,-0.102681723
428,1151,1150,True,0,-1,-0.00781827473144,-0.050024429
284,1151,1150,False,1,1,0.163523064224,0.687177686
203,1151,1150,False,0,1,0.041136393608,0.160604747
694,1151,1150,False,-1,-1,-0.583035627255,-2.524917245
555,1151,1150,True,0,-1,-0.0200569418163,-0.102681723
269,1151,1150,False,0,-1,-0.0200569418163,-0.102681723
180,1151,1150,True,0,-1,-0.0200569418163,-0.102681723
148,1341,1340,True,0,-1,-0.0549536602705,-0.252826077
508,1341,1340,True,0,-1,-0.0253257009963,-0.125350744
258,1341,1340,False,0,-1,-0.0549536602705,-0.252826077
424,1341,1340,True,1,1,0.695621307621,2.976549024
692,1341,1340,True,0,1,0.033930217552,0.129599922
261,1341,1340,False,1,1,0.340085796563,1.446845029
85,1341,1340,True,1,1,0.527729538478,2.254188804
59,1341,1340,False,0,-1,-0.0648296467727,-0.295317855
321,1341,1340,True,0,-1,-0.104333592317,-0.465284965
68,1341,1340,False,0,1,0.0240542310498,0.087108144
304,1341,1340,True,0,-1,-0.0944576060468,-0.422793188
139,1341,1340,True,-1,-1,-0.143837538093,-0.635252076
516,1341,1340,True,0,-1,-0.104333592317,-0.465284965
499,1341,1340,False,-1,-1,-0.114209578819,-0.507776743
252,1341,1340,True,0,-1,-0.0450776737683,-0.210334299
591,1341,1340,True,-1,-1,-0.203093456641,-0.890202742
428,1341,1340,True,0,-1,-0.104333592317,-0.465284965
284,1341,1340,True,0,-1,-0.104333592317,-0.465284965
203,1341,1340,False,-1,-1,-0.222845429413,-0.975186297
555,1341,1340,True,0,-1,-0.104333592317,-0.465284965
148,1421,1420,True,0,-1,-0.0355490250531,-0.169336954
508,1421,1420,True,0,1,0.0116302934227,0.033653717
258,1421,1420,False,0,1,0.00914717128758,0.022969997
455,1421,1420,False,0,1,0.0861239539906,0.354165302
692,1421,1420,False,0,-1,-0.0678296114154,-0.308225308
499,1421,1420,True,0,-1,-0.0256165369774,-0.126602076
85,1421,1420,False,0,-1,-0.0280996591125,-0.137285796
59,1421,1420,False,0,-1,-0.013200926999,-0.073183479
555,1421,1420,True,0,-1,-0.0256165369774,-0.126602076
68,1421,1420,False,-1,-1,-0.157222004329,-0.692839211
304,1421,1420,True,0,-1,-0.013200926999,-0.073183479
414,1421,1420,False,-1,-1,-0.477544745584,-2.07103903
393,1421,1420,False,0,1,0.0414277576499,0.161858351
139,1421,1420,True,0,-1,-0.0355490250531,-0.169336954
516,1421,1420,False,0,-1,-0.0231334150747,-0.115918357
591,1421,1420,True,1,1,0.898104856388,3.847741588
428,1421,1420,True,0,-1,-0.0156840489017,-0.083867198
203,1421,1420,False,0,1,0.00418092724973,0.001602558
18,1421,1420,True,0,-1,-0.0305827810153,-0.147969515
321,1421,1420,True,0,-1,-0.0256165369774,-0.126602076
148,1431,1430,True,0,-1,-0.108694990845,-0.484050035
508,1431,1430,True,-1,-1,-0.130124219451,-0.576250042
258,1431,1430,False,0,-1,-0.0783369171221,-0.353433359
455,1431,1430,True,0,-1,-0.108694990845,-0.484050035
692,1431,1430,False,-1,-1,-0.144410371777,-0.637716713
499,1431,1430,True,0,-1,-0.108694990845,-0.484050035
85,1431,1430,False,-1,-1,-0.203340750153,-0.891266731
59,1431,1430,False,-1,-1,-0.17298267643,-0.760650055
555,1431,1430,True,1,1,0.605612626873,2.589283521
68,1431,1430,False,0,-1,-0.0765511480522,-0.345750025
304,1431,1430,True,1,1,0.605612626873,2.589283521
414,1431,1430,True,1,1,0.209171898942,0.883583397
393,1431,1430,False,1,1,0.152027289636,0.637716713
139,1431,1430,False,0,-1,-0.110480759915,-0.491733369
516,1431,1430,True,0,-1,-0.110480759915,-0.491733369
591,1431,1430,False,1,1,0.241315741735,1.021883407
428,1431,1430,True,0,-1,-0.099766145728,-0.445633366
203,1431,1430,False,0,-1,-0.0444073052595,-0.207450015
18,1431,1430,False,0,-1,-0.108694990845,-0.484050035
321,1431,1430,True,-1,-1,-0.131909988521,-0.583933376
148,1441,1440,True,0,1,0.0771164991711,0.315410412
508,1441,1440,True,0,1,0.0718330367988,0.29267813
258,1441,1440,False,1,1,0.16429362785,0.690493063
455,1441,1440,True,0,1,0.0559826496818,0.224481284
692,1441,1440,False,0,-1,-0.00741889855362,-0.048306099
499,1441,1440,False,0,1,0.0559826496818,0.224481284
85,1441,1440,True,0,1,0.114100735545,0.474536385
59,1441,1440,False,0,1,0.0639078432403,0.258579707
555,1441,1440,True,0,1,0.0559826496818,0.224481284
68,1441,1440,False,0,-1,-0.0840291027199,-0.377924187
304,1441,1440,True,0,1,0.0559826496818,0.224481284
414,1441,1440,True,0,1,0.0533409184956,0.213115143
393,1441,1440,False,0,1,0.0348488001925,0.133552156
139,1441,1440,True,0,1,0.0771164991711,0.315410412
516,1441,1440,True,0,1,0.0533409184956,0.213115143
591,1441,1440,True,-1,-1,-0.990142896551,-4.276510537
428,1441,1440,True,0,1,0.0559826496818,0.224481284
203,1441,1440,False,0,1,0.0612661120541,0.247213566
18,1441,1440,False,0,1,0.0506991873095,0.201749002
321,1441,1440,True,0,1,0.0559826496818,0.224481284
148,1451,1450,True,0,1,0.0708252753378,0.288342201
508,1451,1450,True,0,1,0.0726998715749,0.296407717
258,1451,1450,False,0,1,0.100818815597,0.417390459
455,1451,1450,False,1,1,0.192674032613,0.812600749
692,1451,1450,True,0,1,0.0689506791006,0.280276685
499,1451,1450,True,0,1,0.0764490642817,0.31253875
85,1451,1450,False,1,1,0.12893775962,0.538373201
59,1451,1450,False,0,1,0.0951950268857,0.393193911
555,1451,1450,True,0,1,0.0764490642817,0.31253875
68,1451,1450,False,0,1,0.119564778201,0.49804562
304,1451,1450,True,-1,-1,-0.67338944174,-2.913667698
414,1451,1450,False,-1,-1,-0.259103667284,-1.131188636
393,1451,1450,False,1,1,0.147683722224,0.619028362
139,1451,1450,False,0,1,0.0783236605188,0.320604266
516,1451,1450,True,0,1,0.0970696231229,0.401259427
591,1451,1450,True,-1,-1,-0.620900746402,-2.687833247
428,1451,1450,True,0,1,0.0708252753378,0.288342201
203,1451,1450,False,0,1,0.0839474492303,0.344800814
18,1451,1450,True,0,1,0.0726998715749,0.296407717
321,1451,1450,True,0,1,0.0764490642817,0.31253875
148,1531,1530,True,0,1,0.0990868357465,0.409938555
508,1531,1530,True,0,1,0.0344069976316,0.131651285
692,1531,1530,False,1,1,0.133914440992,0.559785547
261,1531,1530,False,1,1,0.273224861279,1.159173512
85,1531,1530,False,0,1,0.0891360914568,0.367125129
59,1531,1530,True,1,1,0.168742046006,0.709632538
321,1531,1530,True,0,1,0.0443577419212,0.174464711
68,1531,1530,False,-1,-1,-0.234263098885,-1.02431122
304,1531,1530,True,-1,-1,-0.891012224091,-3.849997345
139,1531,1530,True,0,1,0.0642592307328,0.260091564
516,1531,1530,False,0,1,0.0443577419212,0.174464711
20,1531,1530,False,0,-1,-0.0402235847728,-0.189449411
276,1531,1530,True,-1,-1,-0.204410866016,-0.895870942
591,1531,1530,True,0,1,0.0543084864432,0.217278138
428,1531,1530,False,0,1,0.0493331142984,0.195871425
284,1531,1530,True,1,1,0.133914440992,0.559785547
203,1531,1530,True,0,1,0.084160719312,0.345718416
343,1531,1530,True,0,1,0.0642592307328,0.260091564
555,1531,1530,True,0,1,0.0543084864432,0.217278138
499,1531,1530,True,0,1,0.0543084864432,0.217278138
148,1541,1540,True,0,-1,-0.0140771453129,-0.076953439
508,1541,1540,False,-1,-1,-0.204856924673,-0.897790125
692,1541,1540,False,-1,-1,-0.371789231554,-1.616022225
261,1541,1540,False,-1,-1,-0.252551869629,-1.102999297
85,1541,1540,True,1,1,0.462872302854,1.975138275
59,1541,1540,False,-1,-1,-0.133314507471,-0.589976368
321,1541,1540,True,0,-1,-0.061772090269,-0.282162611
68,1541,1540,False,1,1,0.462872302854,1.975138275
304,1541,1540,True,0,-1,-0.061772090269,-0.282162611
139,1541,1540,True,0,1,0.00977032693276,0.025651146
516,1541,1540,True,0,1,0.105160216613,0.436069489
20,1541,1540,False,0,1,0.00977032693276,0.025651146
276,1541,1540,False,-1,-1,-0.32409428683,-1.410813054
591,1541,1540,True,0,-1,-0.061772090269,-0.282162611
428,1541,1540,True,0,1,0.00977032693276,0.025651146
284,1541,1540,True,1,1,0.176702634047,0.743883247
203,1541,1540,False,1,1,0.462872302854,1.975138275
343,1541,1540,True,0,1,0.0336177994108,0.128255732
555,1541,1540,True,0,-1,-0.061772090269,-0.282162611
499,1541,1540,False,0,-1,-0.109467034993,-0.487371782
148,1611,1610,True,0,-1,-0.0103531644868,-0.060930881
508,1611,1610,True,0,-1,-0.00490638630341,-0.037495927
258,1611,1610,False,1,1,0.136709847162,0.57181288
424,1611,1610,False,0,-1,-0.0266934990369,-0.131235743
692,1611,1610,False,0,1,0.0876888432789,0.360898293
85,1611,1610,False,1,1,0.36002775361,1.532645998
59,1611,1610,False,-1,-1,-0.141075841353,-0.623369779
321,1611,1610,True,0,-1,-0.0539273901863,-0.248410514
68,1611,1610,False,0,1,0.114922734428,0.478073064
304,1611,1610,True,0,1,0.0114339484792,0.032808936
393,1611,1610,False,1,1,0.174837294678,0.735857559
253,1611,1610,True,-1,-1,-0.173756510685,-0.763979504
499,1611,1610,False,0,1,0.0495613957628,0.196853614
139,1611,1610,True,0,1,0.0223275048459,0.079678844
591,1611,1610,True,0,1,0.0114339484792,0.032808936
428,1611,1610,True,0,1,0.0767952869122,0.314028385
246,1611,1610,False,1,1,0.191177629228,0.806162421
203,1611,1610,True,0,1,0.114922734428,0.478073064
694,1611,1610,False,-1,-1,-0.876390899363,-3.787088583
555,1611,1610,True,0,1,0.0114339484792,0.032808936
148,1631,1630,True,0,-1,-0.0415034983462,-0.194956284
508,1631,1630,False,0,-1,-0.0904893980408,-0.405719834
258,1631,1630,True,-1,-1,-0.172132564353,-0.756992418
424,1631,1630,False,1,1,0.142193625625,0.595407029
692,1631,1630,False,0,1,0.0687147760829,0.279261704
85,1631,1630,False,1,1,0.30547995825,1.297952197
59,1631,1630,True,0,-1,-0.0864072397716,-0.388156205
321,1631,1630,True,0,-1,-0.00068191518985,-0.019319992
68,1631,1630,False,0,-1,-0.0659964481935,-0.300338059
304,1631,1630,True,0,-1,-0.0537499731536,-0.247647171
393,1631,1630,True,-1,-1,-0.282350838783,-1.231210406
253,1631,1630,True,1,1,0.864735646934,3.704169395
499,1631,1630,True,0,-1,-0.0537499731536,-0.247647171
139,1631,1630,True,0,-1,-0.102735873081,-0.458410722
591,1631,1630,True,0,1,0.0809612511228,0.331952592
428,1631,1630,False,0,-1,-0.0578321316552,-0.265210801
246,1631,1630,True,-1,-1,-0.221118464048,-0.967755968
203,1631,1630,True,0,-1,-0.0415034983462,-0.194956284
694,1631,1630,False,0,-1,-0.0619142899243,-0.28277443
555,1631,1630,True,0,-1,-0.0537499731536,-0.247647171
148,1651,1650,True,0,-1,-0.0512764381571,-0.2370047
508,1651,1650,True,0,1,0.0163716811862,0.054053704
258,1651,1650,False,0,-1,-0.0899325063533,-0.403323788
424,1651,1650,True,1,1,0.190323988069,0.8024896
692,1651,1650,False,-1,-1,-0.215564727991,-0.943860824
85,1651,1650,False,0,1,0.0840198005295,0.345112108
59,1651,1650,False,0,-1,-0.0512764381571,-0.2370047
321,1651,1650,True,0,1,0.0356997152843,0.137213248
68,1651,1650,False,1,1,0.731508942815,3.130956832
304,1651,1650,True,0,-1,-0.00295635291191,-0.02910584
393,1651,1650,False,1,1,0.441588431344,1.883563672
253,1651,1650,False,-1,-1,-0.254220796419,-1.110179913
499,1651,1650,True,0,1,0.0356997152843,0.137213248
139,1651,1650,False,-1,-1,-0.205900710942,-0.902281052
591,1651,1650,True,0,-1,-0.02228438701,-0.112265384
428,1651,1650,True,0,1,0.0260356982352,0.095633476
246,1651,1650,False,-1,-1,-0.234892762089,-1.027020368
203,1651,1650,False,-1,-1,-0.234892762089,-1.027020368
694,1651,1650,False,-1,-1,-0.157580625697,-0.694382192
555,1651,1650,True,0,1,0.0356997152843,0.137213248
148,1721,1720,True,0,1,0.0849094486004,0.34893985
508,1721,1720,True,0,1,0.0528431593887,0.210973517
258,1721,1720,False,0,1,0.00741591635827,0.015521212
19,1721,1720,True,0,1,0.0982704021868,0.406425821
692,1721,1720,True,0,1,0.0688763038783,0.279956683
499,1721,1720,True,0,1,0.0528431593887,0.210973517
85,1721,1720,False,0,1,0.0982704021868,0.406425821
59,1721,1720,False,0,1,0.0341378239959,0.130493156
321,1721,1720,True,0,1,0.0528431593887,0.210973517
68,1721,1720,False,0,1,0.10094259309,0.417923016
304,1721,1720,True,-1,-1,-1.0,-4.31892107
393,1721,1720,False,0,-1,-0.00327284655733,-0.030467565
253,1721,1720,False,0,1,0.0448265871439,0.176481934
261,1721,1720,True,0,1,0.0528431593887,0.210973517
516,1721,1720,False,0,-1,-0.000600655886535,-0.018970371
591,1721,1720,True,0,1,0.0528431593887,0.210973517
428,1721,1720,True,0,1,0.0555153500595,0.222470711
203,1721,1720,False,0,1,0.114303546909,0.475408988
18,1721,1720,True,0,1,0.0555153500595,0.222470711
555,1721,1720,True,0,1,0.0528431593887,0.210973517
148,1731,1730,True,0,-1,0.000893935775643,-0.012539838
508,1731,1730,True,0,1,0.0883296308549,0.363655304
258,1731,1730,True,0,1,0.0766715382396,0.313495952
19,1731,1730,False,-1,-1,-0.582010698706,-2.520507454
692,1731,1730,True,0,1,0.0591843993167,0.238256924
499,1731,1730,True,0,-1,0.000893935775643,-0.012539838
85,1731,1730,False,0,-1,0.000893935775643,-0.012539838
59,1731,1730,True,0,1,0.070842491932,0.288416276
321,1731,1730,False,0,-1,-0.0981998521513,-0.438894333
68,1731,1730,False,1,1,0.583798570257,2.495427778
304,1731,1730,True,0,-1,-0.0340803423025,-0.163017895
393,1731,1730,False,0,-1,-0.0340803423025,-0.163017895
253,1731,1730,False,0,1,0.0941586771625,0.38873498
261,1731,1730,False,-1,-1,-0.500404049934,-2.169391988
516,1731,1730,False,0,1,0.0591843993167,0.238256924
591,1731,1730,False,1,1,0.321491484787,1.366842351
428,1731,1730,False,0,-1,0.000893935775643,-0.012539838
203,1731,1730,True,0,-1,-0.0282512959949,-0.137938219
18,1731,1730,True,0,-1,-0.00493511053198,-0.037619514
555,1731,1730,True,0,-1,0.000893935775643,-0.012539838
148,1751,1750,True,0,1,0.0434749955954,0.170666664
508,1751,1750,True,0,1,0.0297968794556,0.11181609
258,1751,1750,False,0,1,0.0753905999216,0.30798467
19,1751,1750,True,0,-1,-0.106984281477,-0.476689648
692,1751,1750,True,0,1,0.102746832201,0.425685818
499,1751,1750,True,0,1,0.0617124837818,0.249134096
85,1751,1750,False,0,1,0.0297968794556,0.11181609
59,1751,1750,False,0,1,0.0434749955954,0.170666664
321,1751,1750,True,0,1,0.0617124837818,0.249134096
68,1751,1750,False,0,1,0.116424948109,0.484536391
304,1751,1750,True,0,1,0.0845093440148,0.347218386
393,1751,1750,False,-1,-1,-0.986943084379,-4.262743233
253,1751,1750,True,0,1,0.0161187633158,0.052965516
261,1751,1750,True,0,1,0.0617124837818,0.249134096
516,1751,1750,True,0,1,0.0617124837818,0.249134096
591,1751,1750,True,0,1,0.0617124837818,0.249134096
428,1751,1750,True,0,1,0.070831227875,0.288367812
203,1751,1750,False,1,1,0.152899924481,0.641471255
18,1751,1750,True,0,1,0.0343562515022,0.131432948
555,1751,1750,True,0,1,0.0617124837818,0.249134096
148,1821,1820,True,0,-1,-0.0135103362163,-0.074514723
68,1821,1820,False,0,1,0.0448676250433,0.176658501
258,1821,1820,False,0,1,0.0370838969218,0.143168738
424,1821,1820,True,0,-1,-0.0251859285147,-0.124749368
692,1821,1820,True,0,1,0.0293001688003,0.109678975
499,1821,1820,True,0,-1,-0.00183474391793,-0.024280078
85,1821,1820,False,0,1,0.0254083046234,0.092934093
59,1821,1820,False,0,-1,0.00205712002659,-0.007535197
321,1821,1820,True,0,-1,-0.00183474391793,-0.024280078
508,1821,1820,True,0,1,0.0215164404465,0.076189211
414,1821,1820,True,1,1,0.737619434129,3.157247435
393,1821,1820,False,0,1,0.0254083046234,0.092934093
261,1821,1820,True,0,-1,-0.00183474391793,-0.024280078
516,1821,1820,False,0,-1,-0.0174022003933,-0.091259605
591,1821,1820,True,0,-1,-0.00572660809487,-0.04102496
428,1821,1820,True,0,-1,0.00205712002659,-0.007535197
18,1821,1820,True,0,-1,-0.00183474391793,-0.024280078
203,1821,1820,False,0,-1,-0.0524289772885,-0.24196354
343,1821,1820,False,-1,-1,-0.725721465722,-3.138828065
555,1821,1820,True,0,-1,-0.00183474391793,-0.024280078
148,1841,1840,True,0,1,0.0359536379111,0.138305759
68,1841,1840,False,-1,-1,-0.205135204103,-0.898987432
258,1841,1840,False,1,1,0.644415953138,2.756236192
424,1841,1840,True,0,-1,-0.0214484672639,-0.10866881
692,1841,1840,True,0,-1,-0.00996804641481,-0.059273897
499,1841,1840,False,0,-1,-0.101811414602,-0.454433207
85,1841,1840,False,-1,-1,-0.262537309278,-1.145962001
59,1841,1840,False,0,-1,-0.0214484672639,-0.10866881
321,1841,1840,True,0,-1,-0.0214484672639,-0.10866881
508,1841,1840,False,-1,-1,-0.251056888196,-1.096567087
414,1841,1840,True,0,-1,-0.00996804641481,-0.059273897
393,1841,1840,False,1,1,0.403327111124,1.718943001
261,1841,1840,False,0,1,0.116316585249,0.484070156
516,1841,1840,True,0,-1,-0.0329288883454,-0.158063724
591,1841,1840,True,-1,-1,-0.377341519628,-1.639911139
428,1841,1840,True,0,1,0.0244732168296,0.088910845
18,1841,1840,False,-1,-1,-0.205135204103,-0.898987432
203,1841,1840,True,1,1,0.334444584868,1.422573518
343,1841,1840,True,0,1,0.0589144798417,0.237095586
555,1841,1840,True,0,-1,-0.0214484672639,-0.10866881
148,1851,1850,True,0,1,0.0821004941393,0.336854225
68,1851,1850,False,0,1,0.0516958204474,0.206037051
258,1851,1850,False,0,-1,0.00102136390688,-0.011991574
424,1851,1850,True,0,-1,-0.0547205384039,-0.251823062
692,1851,1850,True,0,1,0.0415609291393,0.162431326
499,1851,1850,True,0,1,0.0263585920609,0.097022738
85,1851,1850,False,1,1,0.168247070374,0.707502888
59,1851,1850,False,1,1,0.320270439996,1.361588763
321,1851,1850,True,0,1,0.0263585920609,0.097022738
508,1851,1850,False,0,-1,-0.0293833100174,-0.142808749
414,1851,1850,False,-1,-1,-0.951658418823,-4.110929723
393,1851,1850,False,0,1,0.0719656028312,0.2932485
261,1851,1850,True,0,1,0.0263585920609,0.097022738
516,1851,1850,True,0,1,0.0263585920609,0.097022738
591,1851,1850,True,0,1,0.0618307117555,0.249642776
428,1851,1850,True,0,1,0.0162237007528,0.053417013
18,1851,1850,True,0,1,0.00608880944473,0.009811288
203,1851,1850,False,1,1,0.122640059372,0.511277125
343,1851,1850,True,0,1,0.0364934833691,0.140628463
555,1851,1850,True,0,1,0.0263585920609,0.097022738
148,1911,1910,True,0,-1,-0.0283830604069,-0.13850514
508,1911,1910,False,0,-1,-0.0581252251426,-0.266471846
258,1911,1910,False,0,1,0.0101067997298,0.027098832
692,1911,1910,True,0,-1,-0.00213997397119,-0.025593341
499,1911,1910,False,0,-1,0.00310864336244,-0.003010981
85,1911,1910,False,0,-1,-0.0231344433057,-0.115922781
59,1911,1910,False,0,-1,-0.00563905227108,-0.040648248
321,1911,1910,True,0,-1,-0.0283830604069,-0.13850514
68,1911,1910,False,0,1,0.0311012688319,0.117428271
304,1911,1910,True,-1,-1,-0.72469962233,-3.134431548
393,1911,1910,False,0,1,0.00660772142992,0.012043925
253,1911,1910,True,0,1,0.0625929726013,0.25292243
261,1911,1910,True,0,-1,-0.0756206161772,-0.341746379
591,1911,1910,True,0,-1,-0.0283830604069,-0.13850514
428,1911,1910,True,0,-1,-0.0283830604069,-0.13850514
284,1911,1910,True,1,1,0.671432579584,2.872476174
189,1911,1910,True,0,1,0.0800883636359,0.328196963
203,1911,1910,True,0,-1,-0.0371307560405,-0.176142407
414,1911,1910,True,1,1,0.279535821152,1.186326638
555,1911,1910,True,0,-1,-0.0283830604069,-0.13850514
148,1921,1920,True,0,1,0.0526642743843,0.210203858
508,1921,1920,True,0,1,0.070430025332,0.286641624
258,1921,1920,False,0,1,0.0831198476036,0.341240029
692,1921,1920,False,0,-1,-0.0310885521429,-0.150145613
499,1921,1920,True,0,1,0.0552022388386,0.221123539
85,1921,1920,False,1,1,0.171948602807,0.723428861
59,1921,1920,False,0,1,0.098347634097,0.406758114
321,1921,1920,True,0,1,0.0552022388386,0.221123539
68,1921,1920,False,-1,-1,-0.173214560422,-0.761647744
304,1921,1920,True,-1,-1,-0.944755748488,-4.081230742
393,1921,1920,False,0,-1,-0.0285505876886,-0.139225932
253,1921,1920,False,1,1,0.24301160683,1.029179926
261,1921,1920,True,0,1,0.0552022388386,0.221123539
591,1921,1920,True,0,1,0.0552022388386,0.221123539
428,1921,1920,True,0,1,0.0526642743843,0.210203858
284,1921,1920,True,0,1,0.0628161319691,0.253882581
189,1921,1920,False,0,-1,-0.0463163386363,-0.215663698
203,1921,1920,True,1,1,0.121189313953,0.505035242
414,1921,1920,False,0,1,0.0678920608777,0.275721943
555,1921,1920,True,0,1,0.0552022388386,0.221123539
148,231,230,True,0,-1,-0.0307150823201,-0.148538746
508,231,230,True,0,1,0.0171642813549,0.057463894
258,231,230,False,0,-1,-0.00803538371274,-0.050958548
692,231,230,True,0,1,0.0146443148946,0.04662165
499,231,230,True,0,-1,-0.0256751493995,-0.126854258
85,231,230,False,-1,-1,-0.260032035318,-1.135182972
59,231,230,False,0,-1,-0.0659946134612,-0.300330165
321,231,230,True,0,-1,-0.00803538371274,-0.050958548
68,231,230,False,0,-1,-0.0407949483936,-0.191907723
304,231,230,True,1,1,0.982311456791,4.210043437
393,231,230,False,-1,-1,-0.131513743055,-0.582228516
253,231,230,True,0,-1,-0.0382749819333,-0.181065479
261,231,230,True,0,-1,-0.0382749819333,-0.181065479
139,231,230,False,0,-1,-0.0281951158598,-0.137696502
591,231,230,True,0,-1,-0.015595283326,-0.083485281
428,231,230,True,0,-1,-0.0181152497863,-0.094327525
284,231,230,True,0,-1,-0.0559147473877,-0.256961188
203,231,230,False,-1,-1,-0.116393943829,-0.51717505
343,231,230,True,0,-1,-0.0307150823201,-0.148538746
555,231,230,True,0,-1,-0.0256751493995,-0.126854258
148,251,250,True,0,-1,-0.0126407453906,-0.070773278
508,251,250,True,0,1,0.0393041103325,0.152721284
258,251,250,False,0,-1,-0.0184123960007,-0.095606007
692,251,250,True,0,-1,-0.0126407453906,-0.070773278
499,251,250,True,0,-1,-0.0184123960007,-0.095606007
85,251,250,False,-1,-1,-0.197333565145,-0.865420607
59,251,250,False,-1,-1,-0.116530456372,-0.5177624
321,251,250,True,0,-1,-0.0184123960007,-0.095606007
68,251,250,False,1,1,0.333658291678,1.419190464
304,251,250,True,0,-1,-0.0588139502711,-0.26943511
393,251,250,False,0,-1,-0.00686909478052,-0.045940549
253,251,250,False,-1,-1,-0.35893978246,-1.56073702
261,251,250,True,0,-1,-0.0184123960007,-0.095606007
139,251,250,False,0,1,0.00467420643962,0.003724909
591,251,250,True,0,-1,-0.0126407453906,-0.070773278
428,251,250,False,-1,-1,-0.226191818196,-0.989584252
284,251,250,False,1,1,0.853106847282,3.654136077
203,251,250,False,0,-1,-0.0299556972208,-0.145271465
343,251,250,True,0,-1,-0.0299556972208,-0.145271465
555,251,250,True,0,-1,-0.0184123960007,-0.095606007
483,2011,2010,True,0,1,0.110243019143,0.457938425
148,2011,2010,True,0,1,0.0223795922776,0.079902952
508,2011,2010,True,0,1,0.0663113058267,0.268920689
258,2011,2010,False,1,1,0.369839507515,1.574861413
424,2011,2010,False,1,1,0.305938833537,1.299926524
692,2011,2010,False,0,-1,-0.0295397052573,-0.143481645
85,2011,2010,False,0,1,0.0583237216084,0.234553828
59,2011,2010,False,0,-1,-0.0175583290461,-0.091931354
321,2011,2010,True,0,1,0.0423485529395,0.165820105
68,2011,2010,False,0,1,0.0782926820378,0.32047098
304,2011,2010,True,0,1,0.0423485529395,0.165820105
393,2011,2010,False,-1,-1,-0.580683019106,-2.514795066
139,2011,2010,True,0,1,0.0423485529395,0.165820105
499,2011,2010,False,0,1,0.0263733845029,0.097086383
550,2011,2010,True,0,1,0.0663113058267,0.268920689
591,2011,2010,True,0,1,0.0423485529395,0.165820105
428,2011,2010,True,0,1,0.0423485529395,0.165820105
203,2011,2010,True,0,1,0.0303671764959,0.114269813
343,2011,2010,True,-1,-1,-0.684521614641,-2.961564262
555,2011,2010,True,0,1,0.0423485529395,0.165820105
483,2041,2040,False,0,-1,-0.0412804805228,-0.193996742
148,2041,2040,True,0,-1,-0.00640505765345,-0.043944013
508,2041,2040,True,0,-1,-0.0462626837567,-0.215432846
258,2041,2040,False,0,-1,-0.0911025130937,-0.408357783
424,2041,2040,True,0,-1,-0.0761559033922,-0.344049471
692,2041,2040,False,0,-1,-0.0761559033922,-0.344049471
85,2041,2040,True,0,-1,-0.0163694643536,-0.086816222
59,2041,2040,False,-1,-1,-0.116013529495,-0.515538304
321,2041,2040,True,0,-1,-0.0562270902244,-0.258305054
68,2041,2040,False,0,1,0.0135237552819,0.041800403
304,2041,2040,True,0,-1,-0.0562270902244,-0.258305054
393,2041,2040,False,1,1,1.0,4.286149014
139,2041,2040,True,0,-1,-0.0661914969245,-0.301177263
499,2041,2040,False,0,-1,-0.0562270902244,-0.258305054
550,2041,2040,True,0,-1,-0.0911025130937,-0.408357783
591,2041,2040,True,0,-1,-0.0562270902244,-0.258305054
428,2041,2040,True,0,-1,-0.081138106626,-0.365485575
203,2041,2040,False,0,1,0.0832746007882,0.34190586
343,2041,2040,True,0,-1,-0.0313160740551,-0.151124534
555,2041,2040,True,0,-1,-0.0562270902244,-0.258305054
148,311,310,True,0,1,0.061024777355,0.246175215
508,311,310,True,0,-1,-0.102450417881,-0.457182541
258,311,310,False,0,1,0.014317578683,0.045215856
424,311,310,False,1,1,0.399651967553,1.703130567
692,311,310,True,0,1,0.014317578683,0.045215856
499,311,310,False,0,-1,0.00264077895684,-0.005023984
85,311,310,False,0,-1,-0.00903602076926,-0.055263824
59,311,310,False,0,1,0.0376711779028,0.145695535
321,311,310,True,1,1,0.703248758572,3.009366399
68,311,310,False,-1,-1,-0.324309611515,-1.411739496
428,311,310,True,0,-1,-0.0557432194413,-0.256223183
393,311,310,False,0,1,0.0960551763009,0.396894734
253,311,310,False,1,1,0.259530371537,1.10025249
261,311,310,True,-1,-1,-0.114127217607,-0.507422381
550,311,310,True,0,-1,-0.0440664197152,-0.205983343
591,311,310,True,-1,-1,-0.114127217607,-0.507422381
304,311,310,True,-1,-1,-0.125804017333,-0.557662221
284,311,310,True,-1,-1,-0.394370409639,-1.713178535
414,311,310,True,-1,-1,-0.114127217607,-0.507422381
555,311,310,True,-1,-1,-0.114127217607,-0.507422381
148,331,330,True,1,1,0.907889422136,3.889840025
508,331,330,True,0,-1,-0.0765572258644,-0.345776175
258,331,330,False,-1,-1,-0.161013774725,-0.709153436
424,331,330,True,1,1,0.155698283561,0.653511293
692,331,330,True,0,-1,-0.0607216230547,-0.277642939
499,331,330,True,0,-1,-0.0818357602118,-0.368487254
85,331,330,False,0,1,0.102912940552,0.426400505
59,331,330,False,0,-1,-0.110867698774,-0.493398187
321,331,330,True,0,1,0.0448490631956,0.176578638
68,331,330,False,0,-1,-0.0633608901122,-0.288998478
428,331,330,True,0,-1,-0.0844750272693,-0.379842793
393,331,330,False,-1,-1,-0.15309597332,-0.675086818
253,331,330,True,1,1,0.274465305563,1.164510567
261,331,330,True,0,-1,-0.0818357602118,-0.368487254
550,331,330,True,0,-1,-0.0818357602118,-0.368487254
591,331,330,True,0,-1,-0.105589164659,-0.470687109
304,331,330,True,0,-1,-0.0765572258644,-0.345776175
284,331,330,True,0,-1,-0.100310630311,-0.44797603
414,331,330,True,0,-1,-0.0844750272693,-0.379842793
555,331,330,True,0,-1,-0.0871142945592,-0.391198333
148,341,340,True,0,-1,-0.068407033325,-0.310709686
508,341,340,True,0,-1,-0.0954264351114,-0.426961609
258,341,340,False,0,-1,-0.0905138166682,-0.405824896
424,341,340,True,0,-1,-0.043843940644,-0.205026119
692,341,340,True,0,-1,-0.0856011982249,-0.384688183
499,341,340,False,0,-1,-0.0856011982249,-0.384688183
85,341,340,True,0,1,0.0347579556099,0.133161294
59,341,340,False,0,-1,-0.0782322704439,-0.352983113
321,341,340,True,0,-1,-0.0856011982249,-0.384688183
68,341,340,False,-1,-1,-0.124902146236,-0.553781889
428,341,340,True,0,-1,-0.0831448888871,-0.374119826
393,341,340,False,0,-1,0.00282593514784,-0.004227343
253,341,340,True,0,-1,-0.0880575073303,-0.395256539
261,341,340,False,0,-1,-0.0782322704439,-0.352983113
550,341,340,True,1,1,0.410573272212,1.750119863
591,341,340,True,1,1,0.894466196424,3.832086126
304,341,340,True,0,-1,-0.0831448888871,-0.374119826
284,341,340,True,0,-1,0.000369626042432,-0.014795699
414,341,340,True,0,-1,-0.0905138166682,-0.405824896
555,341,340,True,0,-1,-0.0856011982249,-0.384688183
413,421,420,False,0,1,0.0139477941293,0.043624845
474,421,420,False,0,1,0.0288899724899,0.107914091
668,421,420,True,0,1,0.0801202982974,0.328334363
458,421,420,False,0,-1,0.0032748098185,-0.002296044
48,421,420,False,-1,-1,-0.284895772384,-1.242160072
219,421,420,False,0,-1,-0.0949166479793,-0.424768232
195,421,420,False,1,1,0.701287997552,3.000930156
386,421,420,True,-1,-1,-0.229396252992,-1.003371445
556,421,420,False,-1,-1,-0.201646493179,-0.883977131
82,421,420,True,-1,-1,-0.197377299362,-0.865608775
101,421,420,False,0,1,0.0566397323023,0.227308405
691,421,420,False,0,-1,-0.0628976943496,-0.287005562
264,421,420,False,1,1,0.325598942327,1.384514831
571,421,420,False,0,1,0.0651781199369,0.264045117
248,421,420,False,0,1,0.0630435230282,0.254860939
595,421,420,False,0,-1,-0.0308787407199,-0.149242892
285,421,420,True,-1,-1,-0.442855943392,-1.921789243
245,421,420,False,1,1,0.188984740406,0.79672744
425,421,420,False,0,1,0.0331591663071,0.126282447
465,421,420,False,0,1,0.0609089261196,0.245676761
413,431,430,False,-1,-1,-0.200811321364,-0.880383775
474,431,430,False,-1,-1,-0.124090599098,-0.550290179
668,431,430,False,1,1,0.304422704107,1.293403324
458,431,430,False,0,-1,-0.0436274022565,-0.204094455
48,431,430,True,1,1,0.345589921171,1.470526718
219,431,430,False,-1,-1,-0.116605650414,-0.518085925
195,431,430,True,1,1,0.326877549694,1.390016084
386,431,430,True,1,1,0.368044766758,1.567139478
556,431,430,False,0,1,0.0293508456683,0.109897014
82,431,430,True,1,1,0.242671878743,1.027718234
101,431,430,False,0,-1,-0.0267862680664,-0.131634885
691,431,430,False,0,-1,-0.0342712167503,-0.163839139
264,431,430,True,1,1,0.252028064482,1.067973551
571,431,430,False,-1,-1,-0.245721012538,-1.073609295
248,431,430,False,-1,-1,-0.225137404238,-0.985047599
595,431,430,False,-1,-1,-0.202682558651,-0.888434839
285,431,430,False,-1,-1,-0.28314575526,-1.234630562
245,431,430,False,-1,-1,-0.163386578874,-0.719362509
425,431,430,False,-1,-1,-0.348639054966,-1.516417779
465,431,430,False,1,1,0.222088270443,0.939156538
413,441,440,True,-1,-1,-0.458270925339,-1.988112743
474,441,440,False,0,1,0.026912428108,0.099405637
668,441,440,True,0,1,0.0429074836574,0.168224924
458,441,440,False,1,1,0.48188289898,2.056932031
48,441,440,False,0,1,0.110442162902,0.458795248
219,441,440,False,-1,-1,-0.200572807328,-0.87935756
195,441,440,True,-1,-1,-0.538246203551,-2.33220918
386,441,440,False,1,1,0.122882761869,0.512321361
556,441,440,False,1,1,0.343259083676,1.460498208
82,441,440,True,-1,-1,-0.221899547983,-0.971116609
101,441,440,False,1,1,0.215298638816,0.90994391
691,441,440,False,0,1,0.0375757985517,0.145285162
264,441,440,True,-1,-1,-0.122374757639,-0.542907711
571,441,440,False,0,1,0.0286896566315,0.107052225
248,441,440,False,0,1,0.0820065086178,0.336449849
595,441,440,False,-1,-1,-0.125929214454,-0.558200886
285,441,440,True,0,-1,-0.00507768299078,-0.038232937
245,441,440,False,0,1,0.108664934611,0.451148661
425,441,440,False,0,1,0.0375757985517,0.145285162
465,441,440,False,0,1,0.110442162902,0.458795248
148,511,510,True,1,1,0.625052258668,2.672923218
508,511,510,True,0,-1,-0.0818726268494,-0.368645874
258,511,510,False,1,1,0.238033254814,1.007760392
692,511,510,False,0,-1,-0.0841097309998,-0.378271093
499,511,510,False,-1,-1,-0.137800228519,-0.60927634
85,511,510,False,0,-1,-0.0684500024114,-0.310894562
59,511,510,False,0,-1,-0.104243667657,-0.464898061
555,511,510,True,0,-1,-0.0885839390684,-0.39752153
68,511,510,False,0,-1,-0.0975323554378,-0.436022405
139,511,510,True,0,-1,-0.104243667657,-0.464898061
428,511,510,True,0,-1,-0.0975323554378,-0.436022405
253,511,510,True,0,-1,-0.0997694593559,-0.445647623
261,511,510,True,0,-1,-0.0885839390684,-0.39752153
252,511,510,True,0,-1,-0.0572644821239,-0.262768469
591,511,510,True,0,-1,-0.0997694593559,-0.445647623
332,511,510,True,1,1,0.685454068406,2.932804121
203,511,510,True,0,-1,-0.0729242107123,-0.330145
304,511,510,True,-1,-1,-0.169119685464,-0.744029401
321,511,510,True,0,-1,-0.0885839390684,-0.39752153
269,511,510,True,0,1,0.068013345654,0.276243775
148,551,550,True,0,-1,-0.0358897541781,-0.170802953
508,551,550,True,0,-1,-0.0172082421822,-0.090425093
258,551,550,False,0,-1,-0.105945424395,-0.472219929
692,551,550,True,0,1,0.0668585622643,0.271275279
499,551,550,True,0,-1,-0.0452305101761,-0.210991883
85,551,550,False,0,-1,-0.0592416444054,-0.271275279
59,551,550,False,1,1,0.174277256706,0.733447976
555,551,550,True,0,-1,-0.0452305101761,-0.210991883
68,551,550,False,-1,-1,-0.288090167285,-1.255904068
139,551,550,False,0,-1,-0.0218786201811,-0.110519558
428,551,550,True,0,-1,-0.0358897541781,-0.170802953
253,551,550,False,0,-1,-0.0779231564013,-0.351653139
261,551,550,True,0,-1,-0.0452305101761,-0.210991883
252,551,550,True,1,1,0.954230385789,4.089223645
591,551,550,True,0,-1,-0.0592416444054,-0.271275279
332,551,550,False,0,-1,-0.0966046683973,-0.432030999
203,551,550,False,0,-1,-0.0312193761791,-0.150708488
304,551,550,True,0,-1,-0.0452305101761,-0.210991883
321,551,550,True,0,-1,-0.0452305101761,-0.210991883
269,551,550,False,0,-1,-0.0639120224044,-0.291369744
483,621,620,False,0,1,0.0346703672472,0.132784442
148,621,620,True,0,1,0.0601760765392,0.24252365
508,621,620,True,0,1,0.0270186543201,0.099862679
54,621,620,True,0,1,0.0295692252958,0.1108366
692,621,620,False,0,1,0.0346703672472,0.132784442
499,621,620,True,0,1,0.0423220799418,0.165706204
85,621,620,False,0,1,0.0601760765392,0.24252365
59,621,620,False,0,1,0.0397715089661,0.154732283
321,621,620,True,0,1,0.0423220799418,0.165706204
68,621,620,False,0,1,0.0346703672472,0.132784442
304,621,620,True,-1,-1,-0.977906291042,-4.223862113
393,621,620,False,0,-1,-0.0469479025803,-0.218381024
261,621,620,True,0,1,0.0423220799418,0.165706204
252,621,620,True,0,1,0.0958840695016,0.396158541
591,621,620,True,0,1,0.0423220799418,0.165706204
428,621,620,True,0,1,0.0499737926365,0.198627966
258,621,620,False,0,1,0.0984346402448,0.407132461
203,621,620,False,1,1,0.274424034313,1.164332996
414,621,620,True,0,1,0.0499737926365,0.198627966
555,621,620,True,0,1,0.0423220799418,0.165706204
483,631,630,True,0,-1,-0.0534243139815,-0.246246011
148,631,630,True,0,-1,-0.0419009368291,-0.196666277
508,631,630,True,0,-1,-0.0534243139815,-0.246246011
54,631,630,True,0,-1,-0.087994445206,-0.394985212
692,631,630,True,0,1,0.00803369726512,0.018179236
499,631,630,True,0,-1,-0.0841533194885,-0.378458634
85,631,630,False,-1,-1,-0.134087953583,-0.593304147
59,631,630,False,-1,-1,-0.12256457643,-0.543724413
321,631,630,True,0,-1,-0.0841533194885,-0.378458634
68,631,630,False,-1,-1,-0.276209604431,-1.20478753
304,631,630,True,0,-1,-0.0841533194885,-0.378458634
393,631,630,False,1,1,0.722483076757,3.092122727
261,631,630,True,0,-1,-0.0841533194885,-0.378458634
252,631,630,True,0,-1,0.000351445830246,-0.01487392
591,631,630,True,0,-1,-0.0841533194885,-0.378458634
428,631,630,True,0,-1,-0.087994445206,-0.394985212
258,631,630,False,0,1,0.019557074185,0.067758969
203,631,630,False,0,1,0.0733328339967,0.29913106
414,631,630,True,1,1,0.614931557134,2.629378545
555,631,630,True,0,-1,-0.0841533194885,-0.378458634
483,641,640,False,1,1,0.134436040231,0.562029746
148,641,640,True,0,-1,-0.00848253893199,-0.052882449
508,641,640,True,0,1,0.00866769070698,0.020907015
54,641,640,True,0,1,0.0143844336875,0.045503502
692,641,640,True,0,1,0.054401635946,0.217678917
499,641,640,False,0,-1,-0.00848253893199,-0.052882449
85,641,640,True,1,1,0.397406225936,1.693468185
59,641,640,False,0,1,0.0201011769005,0.07009999
321,641,640,True,0,-1,-0.00848253893199,-0.052882449
68,641,640,False,0,1,0.0315346633265,0.119292966
304,641,640,True,0,-1,-0.00848253893199,-0.052882449
393,641,640,False,0,1,0.054401635946,0.217678917
261,641,640,True,-1,-1,-0.91744470236,-3.963724009
252,641,640,True,1,1,0.203036958322,0.8571876
591,641,640,True,0,-1,-0.00848253893199,-0.052882449
428,641,640,True,0,-1,-0.0427829979775,-0.200461376
258,641,640,False,0,1,0.0887020949916,0.365257844
203,641,640,False,0,1,0.060118379159,0.242275405
414,641,640,True,0,1,0.0201011769005,0.07009999
555,641,640,True,0,-1,-0.00848253893199,-0.052882449
483,651,650,False,-1,-1,-0.63629633304,-2.754073298
148,651,650,True,0,-1,-0.0118038529621,-0.067172519
508,651,650,True,0,1,0.115933245199,0.482420822
54,651,650,True,0,-1,-0.0118038529621,-0.067172519
692,651,650,True,1,1,0.279152870639,1.18467898
499,651,650,True,0,-1,0.00238915776389,-0.006106593
85,651,650,False,0,-1,-0.111154929438,-0.494634007
59,651,650,False,0,1,0.0449681906391,0.177091188
321,651,650,True,0,-1,0.00238915776389,-0.006106593
68,651,650,False,-1,-1,-0.416304663998,-1.807551433
304,651,650,True,0,-1,0.00238915776389,-0.006106593
393,651,650,False,0,-1,-0.0401898748789,-0.189304373
261,651,650,True,0,-1,0.00238915776389,-0.006106593
252,651,650,False,1,1,0.591399110562,2.528129369
591,651,650,True,0,-1,0.00238915776389,-0.006106593
428,651,650,True,0,-1,-0.0614793912003,-0.280903263
258,651,650,False,1,1,0.165608783204,0.696151565
203,651,650,False,0,1,0.108836739603,0.451887858
414,651,650,False,0,1,0.0449681906391,0.177091188
555,651,650,True,0,-1,0.00238915776389,-0.006106593
148,721,720,True,0,1,0.0369495349714,0.142590641
508,721,720,True,0,-1,-0.00723856649533,-0.047530214
258,721,720,False,0,-1,-0.0238091044001,-0.118825534
310,721,720,True,0,-1,-0.056950180442,-0.261416175
692,721,720,False,-1,-1,-0.195037996857,-0.855543844
85,721,720,True,1,1,0.130849250152,0.546597456
59,721,720,False,-1,-1,-0.178467458953,-0.784248524
321,721,720,True,0,-1,-0.0238091044001,-0.118825534
68,721,720,False,-1,-1,-0.156373408335,-0.689188097
304,721,720,True,0,-1,-0.0238091044001,-0.118825534
393,721,720,False,0,-1,-0.0679972056344,-0.308946388
139,721,720,True,0,-1,-0.0514266677296,-0.237651068
499,721,720,True,0,-1,-0.0238091044001,-0.118825534
591,721,720,True,0,-1,-0.0238091044001,-0.118825534
428,721,720,True,0,-1,-0.0459031550172,-0.213885961
284,721,720,True,0,-1,-0.0238091044001,-0.118825534
203,721,720,False,0,-1,-0.0790442310592,-0.356476602
414,721,720,True,1,1,0.970423174766,4.158893687
555,721,720,True,0,-1,-0.0238091044001,-0.118825534
19,721,720,True,0,-1,-0.056950180442,-0.261416175
148,741,740,True,0,1,0.0265335791308,0.097775626
508,741,740,True,0,1,0.0497955133215,0.197860913
258,741,740,False,0,1,0.0247441996313,0.090076758
310,741,740,False,0,1,0.0193760609004,0.066980153
692,741,740,False,0,1,0.0390592358597,0.151667703
85,741,740,False,0,-1,-0.0146221502872,-0.079298342
59,741,740,False,0,1,0.0283229586303,0.105474494
321,741,740,True,0,1,0.0283229586303,0.105474494
68,741,740,False,0,1,0.0193760609004,0.066980153
304,741,740,True,1,1,0.744074776323,3.185021771
393,741,740,False,0,1,0.0193760609004,0.066980153
139,741,740,True,0,1,0.0372698563602,0.143968835
499,741,740,False,0,1,0.00506102467207,0.005389208
591,741,740,True,0,1,0.0283229586303,0.105474494
428,741,740,True,0,1,0.0211654403999,0.074679021
284,741,740,True,-1,-1,-0.651641268143,-2.820095419
203,741,740,False,0,1,0.0283229586303,0.105474494
414,741,740,True,-1,-1,-0.265135286491,-1.157139889
555,741,740,True,0,1,0.0283229586303,0.105474494
19,741,740,False,-1,-1,-0.139878718506,-0.618219116
148,811,810,True,0,1,0.0150805839735,0.048498713
508,811,810,True,0,-1,-0.0121279937271,-0.068567146
258,811,810,False,1,1,0.135575713691,0.566933231
424,811,810,False,0,1,0.100593256714,0.416419984
692,811,810,False,-1,-1,-0.906124117978,-3.915016798
499,811,810,False,0,-1,-0.000467174812146,-0.018396064
85,811,810,False,0,-1,0.00341976505859,-0.001672369
59,811,810,False,0,1,0.0345152823976,0.132117184
321,811,810,True,0,-1,-0.000467174812146,-0.018396064
68,811,810,False,0,1,0.0189675236119,0.065222407
428,811,810,True,0,-1,-0.0160149333654,-0.08529084
393,811,810,False,1,1,0.256070843641,1.08536775
253,811,810,True,1,1,0.120027955138,0.500038455
261,811,810,True,1,1,0.384339852635,1.637249656
591,811,810,True,0,-1,-0.000467174812146,-0.018396064
359,811,810,True,0,-1,-0.000467174812146,-0.018396064
18,811,810,True,0,-1,-0.00824105408878,-0.051843452
203,811,810,True,0,-1,-0.0276757525128,-0.135461923
343,811,810,True,0,-1,-0.0199018730037,-0.102014534
555,811,810,True,0,-1,-0.000467174812146,-0.018396064
148,851,850,True,0,-1,-0.025455504239,-0.125909227
508,851,850,True,0,-1,-0.0579710188448,-0.265808368
258,851,850,False,0,1,0.0395755249726,0.153889055
424,851,850,True,0,-1,-0.0644741217194,-0.293788196
692,851,850,False,-1,-1,-0.194536180375,-0.853384761
499,851,850,True,0,1,0.00706001036679,0.013989914
85,851,850,False,0,1,0.0525817309543,0.209848712
59,851,850,False,0,-1,-0.025455504239,-0.125909227
321,851,850,True,0,1,0.00706001036679,0.013989914
68,851,850,False,-1,-1,-0.506685120683,-2.196416515
428,851,850,True,0,1,0.0330724220979,0.125909227
393,851,850,False,0,-1,-0.0189524013643,-0.097929399
253,851,850,True,-1,-1,-0.136008254038,-0.601566307
261,851,850,True,0,1,0.00706001036679,0.013989914
591,851,850,True,0,1,0.00706001036679,0.013989914
359,851,850,False,1,1,0.865469596563,3.707327239
18,851,850,True,0,1,0.0135631132415,0.041969742
203,851,850,False,0,1,0.00706001036679,0.013989914
343,851,850,True,0,1,0.059084833829,0.23782854
555,851,850,True,0,1,0.00706001036679,0.013989914
483,931,930,True,0,1,0.006655978794,0.012251554
148,931,930,True,0,-1,-0.0389043378766,-0.183773305
508,931,930,True,0,-1,-0.0161241796575,-0.085760876
258,931,930,False,1,1,0.587550015589,2.511568503
499,931,930,True,0,-1,-0.00473410043176,-0.036754661
85,931,930,False,-1,-1,-0.369216633332,-1.604953531
59,931,930,False,1,1,0.325578195024,1.384425565
555,931,930,True,0,-1,-0.00473410043176,-0.036754661
68,931,930,False,-1,-1,-0.505897583111,-2.193028107
304,931,930,True,0,-1,-0.00473410043176,-0.036754661
428,931,930,True,0,-1,-0.0275142586509,-0.13476709
253,931,930,True,-1,-1,-0.141415050211,-0.624829237
261,931,930,True,0,-1,-0.00473410043176,-0.036754661
252,931,930,True,0,1,0.0522162952322,0.208276412
591,931,930,True,-1,-1,-0.335046395887,-1.457934887
359,931,930,True,1,1,0.245847640908,1.041382062
18,931,930,False,1,1,0.166117086793,0.698338559
203,931,930,False,0,1,0.063606374458,0.257282627
343,931,930,True,0,1,0.0863865326771,0.355295056
321,931,930,True,0,-1,-0.00473410043176,-0.036754661
483,951,950,False,0,-1,-0.0941942252751,-0.421659983
148,951,950,True,0,-1,-0.0576260596555,-0.264324169
508,951,950,True,0,-1,-0.0795669589343,-0.358725657
258,951,950,False,0,-1,-0.0722533257638,-0.327258494
499,951,950,True,0,-1,-0.0503124264851,-0.232857006
85,951,950,False,-1,-1,-0.273378237601,-1.192605475
59,951,950,False,0,-1,-0.105164674914,-0.468860727
555,951,950,True,0,-1,-0.0503124264851,-0.232857006
68,951,950,False,-1,-1,-0.178301006619,-0.783532357
304,951,950,True,0,-1,-0.0356851601442,-0.16992268
428,951,950,True,0,-1,-0.0612828761245,-0.28005775
253,951,950,True,0,-1,-0.0795669589343,-0.358725657
261,951,950,True,0,-1,-0.0503124264851,-0.232857006
252,951,950,False,1,1,0.494553243432,2.111446632
591,951,950,True,0,-1,-0.0503124264851,-0.232857006
359,951,950,False,1,1,0.77247130321,3.307198823
18,951,950,True,1,1,0.249546532804,1.057296674
203,951,950,False,0,-1,-0.0868805921047,-0.39019282
343,951,950,True,0,-1,-0.0649396925934,-0.295791331
321,951,950,True,0,-1,-0.0503124264851,-0.232857006
